title,artist
Flowers,Miley Cyrus
MOONLIGHT SUNRISE,TWICE
Southern Cross,"Crosby, Stills & Nash"
"Shakira: Bzrp Music Sessions, Vol. 53",Bizarrap & Shakira
Teach Your Children,"Crosby, Stills, Nash & Young"
Unholy,Sam Smith & Kim Petras
wait in the truck,HARDY & Lainey Wilson
Made You Look,Meghan Trainor
Thought You Should Know,Morgan Wallen
Anti-Hero,Taylor Swift
Don’t Make Me Have To Come Down There,Dolly Parton
Love From The Other Side,Fall Out Boy
red (feat. Morgan Wallen),HARDY
VIBE (feat. Jimin of BTS),TAEYANG
Our House,"Crosby, Stills, Nash & Young"
Thank God,Kane Brown & Katelyn Brown
Heart Like A Truck,Lainey Wilson
Suite: Judy Blue Eyes,"Crosby, Stills & Nash"
I'm Good (Blue),David Guetta & Bebe Rexha
Something in the Orange (Z&E's Version),Zach Bryan
Lift Me Up (From Black Panther: Wakanda Forever - Music From and Inspired By),Rihanna
The Kind of Love We Make,Luke Combs
Son Of A Sinner,Jelly Roll
I'll Be Waiting,Cian Ducrot
Unstoppable,Sia
I Ain't Worried,OneRepublic
One Thing At A Time,Morgan Wallen
Hey There Delilah,Plain White T's
Hold My Hand,Lady Gaga
Turn! Turn! Turn! (To Everything There Is a Season),The Byrds
Calm Down,Rema & Selena Gomez
You Proof,Morgan Wallen
NEED A FAVOR,Jelly Roll
Rock and a Hard Place,Bailey Zimmerman
Carry On,"Crosby, Stills, Nash & Young"
Woodstock,"Crosby, Stills, Nash & Young"
Gonna Be You (feat. Gloria Estefan and Debbie Harry),"Dolly Parton, Belinda Carlisle & Cyndi Lauper"
"Going, Going, Gone",Luke Combs
Creepin',"Metro Boomin, The Weeknd & 21 Savage"
Turn! Turn! Turn! (To Everything There Is a Season),The Byrds
As It Was,Harry Styles
Wasted On You,Morgan Wallen
Just a Song Before I Go,"Crosby, Stills & Nash"
Kill Bill,SZA
What My World Spins Around,Jordan Davis
Home Movies,Lukas Graham & Mickey Guyton
golden hour,JVKE
How Do I Say Goodbye,Dean Lewis
Granite,Sleep Token
Players,Coi Leray
Fall In Love,Bailey Zimmerman
Teach Your Children,"Crosby, Stills, Nash & Young"
Wasted On the Way,"Crosby, Stills & Nash"
Aqua Regia,Sleep Token
On My Way,Restless Road
Mr. Tambourine Man,The Byrds
CUFF IT,Beyoncé
Screaming Suicide,Metallica
Ohio,"Neil Young & Crosby, Stills, Nash & Young"
Gratitude,Brandon Lake
Pretty Girls Walk,Big Boss Vette
Separate Ways (Worlds Apart) [feat. Lzzy Hale],Daughtry
Carry On,"Crosby, Stills, Nash & Young"
She Had Me At Heads Carolina,Cole Swindell
Under the Influence,Chris Brown
Bebe Dame,Fuerza Regida & Grupo Frontera
Crazy,Gnarls Barkley
Mr. Tambourine Man,The Byrds
I Ain't a Bitch,Alaura Lynne
10:35,Tiësto & Tate McRae
Marrakesh Express,"Crosby, Stills & Nash"
Some Nights,Fun.
Helplessly Hoping,"Crosby, Stills & Nash"
Pick Me Up,Gabby Barrett
Bloody Mary,Lady Gaga
Hey There Delilah,Plain White T's
Sure Thing,Miguel
Our House,"Crosby, Stills, Nash & Young"
Wrecking Ball,Miley Cyrus
Stressed Out,twenty one pilots
Shivers,Ed Sheeran
Wreckage,Nate Smith
First Things First,Consumed By Fire
Tennessee Whiskey,Chris Stapleton
We Are Young (feat. Janelle Monáe),Fun.
This Is Our God,Phil Wickham
Rich Flex,Drake & 21 Savage
The Summoning,Sleep Token
brrr,Kim Petras
Feel Good Inc.,Gorillaz
I'm Good (Blue),David Guetta & Bebe Rexha
Something in the Orange,Zach Bryan
Escapism.,RAYE & 070 Shake
Southern Cross,"Crosby, Stills & Nash"
Just Wanna Rock,Lil Uzi Vert
GOSSIP (feat. Tom Morello),Måneskin
Cooler Than Me (Single Mix),Mike Posner
Tennessee Orange,Megan Moroney
Handle On You,Parker McCollum
Thunder Cash '69,Cody Parks and The Dirty South
